{"cameraMode":{"drawMode":0,"name":"Shaded","section":"Shading Mode"},"sceneLighting":false,"audioPlay":false,"sceneViewState":{"m_AlwaysRefresh":false,"showFog":true,"showSkybox":false,"showFlares":true,"showImageEffects":true,"showParticleSystems":true,"showVisualEffectGraphs":true,"m_FxEnabled":true},"in2DMode":false,"pivot":{"x":-0.01600027084350586,"y":0.31999993324279787,"z":-0.015999794006347657},"rotation":{"x":0.015253010205924511,"y":-0.9837981462478638,"z":0.11123589426279068,"w":0.14061559736728669},"size":4.627423286437988,"orthographic":false}