{"cameraMode":{"drawMode":0,"name":"Shaded","section":"Shading Mode"},"sceneLighting":true,"audioPlay":false,"sceneViewState":{"m_AlwaysRefresh":false,"showFog":true,"showSkybox":true,"showFlares":true,"showImageEffects":true,"showParticleSystems":true,"showVisualEffectGraphs":true,"m_FxEnabled":true},"in2DMode":false,"pivot":{"x":0.22659844160079957,"y":27.183931350708009,"z":-40.083065032958987},"rotation":{"x":-0.15684576332569123,"y":-0.007104792632162571,"z":0.0011284160427749158,"w":-0.9875981211662293},"size":3.9253525733947756,"orthographic":false}