{"cameraMode":{"drawMode":0,"name":"Shaded","section":"Shading Mode"},"sceneLighting":true,"audioPlay":false,"sceneViewState":{"m_AlwaysRefresh":false,"showFog":true,"showSkybox":true,"showFlares":true,"showImageEffects":true,"showParticleSystems":true,"showVisualEffectGraphs":true,"m_FxEnabled":true},"in2DMode":false,"pivot":{"x":-0.6490598320960999,"y":161.72926330566407,"z":-44.71166229248047},"rotation":{"x":0.765681803226471,"y":-0.00230881804600358,"z":-0.0027516933623701336,"w":-0.6432181596755981},"size":72.64288330078125,"orthographic":false}