{"cameraMode":{"drawMode":0,"name":"Shaded","section":"Shading Mode"},"sceneLighting":true,"audioPlay":false,"sceneViewState":{"m_AlwaysRefresh":false,"showFog":true,"showSkybox":true,"showFlares":true,"showImageEffects":true,"showParticleSystems":true,"showVisualEffectGraphs":true,"m_FxEnabled":true},"in2DMode":false,"pivot":{"x":11.715145111083985,"y":20.953781127929689,"z":120.12040710449219},"rotation":{"x":-0.07192473858594895,"y":-0.019143812358379365,"z":0.0013810998061671854,"w":-0.9972283840179443},"size":36.353721618652347,"orthographic":false}