{"cameraMode":{"drawMode":0,"name":"Shaded","section":"Shading Mode"},"sceneLighting":true,"audioPlay":false,"sceneViewState":{"m_AlwaysRefresh":false,"showFog":true,"showSkybox":true,"showFlares":true,"showImageEffects":true,"showParticleSystems":true,"showVisualEffectGraphs":true,"m_FxEnabled":true},"in2DMode":false,"pivot":{"x":-1.5300394296646119,"y":3.0325276851654054,"z":-0.8353902697563171},"rotation":{"x":0.36248648166656496,"y":0.6129764914512634,"z":-0.3739749491214752,"w":0.5941472053527832},"size":0.8660253882408142,"orthographic":false}