{"cameraMode":{"drawMode":0,"name":"Shaded","section":"Shading Mode"},"sceneLighting":true,"audioPlay":false,"sceneViewState":{"m_AlwaysRefresh":false,"showFog":true,"showSkybox":true,"showFlares":true,"showImageEffects":true,"showParticleSystems":true,"showVisualEffectGraphs":true,"m_FxEnabled":true},"in2DMode":false,"pivot":{"x":720.6444702148438,"y":229.3942108154297,"z":73.82830810546875},"rotation":{"x":-0.01947687938809395,"y":0.01111747045069933,"z":-0.00038719672011211514,"w":-0.9998086094856262},"size":334.6035461425781,"orthographic":false}