{"cameraMode":{"drawMode":0,"name":"Shaded","section":"Shading Mode"},"sceneLighting":true,"audioPlay":false,"sceneViewState":{"m_AlwaysRefresh":false,"showFog":true,"showSkybox":true,"showFlares":true,"showImageEffects":true,"showParticleSystems":true,"showVisualEffectGraphs":true,"m_FxEnabled":true},"in2DMode":false,"pivot":{"x":508.5808410644531,"y":71.84262084960938,"z":220.0997314453125},"rotation":{"x":0.035961829125881198,"y":-0.022192833945155145,"z":0.0009731615427881479,"w":0.999161958694458},"size":42.76673126220703,"orthographic":false}