{"cameraMode":{"drawMode":0,"name":"Shaded","section":"Shading Mode"},"sceneLighting":true,"audioPlay":false,"sceneViewState":{"m_AlwaysRefresh":false,"showFog":true,"showSkybox":true,"showFlares":true,"showImageEffects":true,"showParticleSystems":true,"showVisualEffectGraphs":true,"m_FxEnabled":true},"in2DMode":false,"pivot":{"x":22.977237701416017,"y":6.113212585449219,"z":-380.70404052734377},"rotation":{"x":-0.0011564170708879829,"y":-0.9995014071464539,"z":0.02397928386926651,"w":-0.029416201636195184},"size":251.2825164794922,"orthographic":false}