{"cameraMode":{"drawMode":0,"name":"Shaded","section":"Shading Mode"},"sceneLighting":true,"audioPlay":false,"sceneViewState":{"m_AlwaysRefresh":false,"showFog":true,"showSkybox":true,"showFlares":true,"showImageEffects":true,"showParticleSystems":true,"showVisualEffectGraphs":true,"m_FxEnabled":true},"in2DMode":false,"pivot":{"x":-1.7547078132629395,"y":23.22272300720215,"z":87.64750671386719},"rotation":{"x":0.17729932069778443,"y":0.05937241017818451,"z":-0.010288223624229432,"w":0.9825570583343506},"size":0.8660253882408142,"orthographic":false}