{"cameraMode":{"drawMode":0,"name":"Shaded","section":"Shading Mode"},"sceneLighting":true,"audioPlay":false,"sceneViewState":{"m_AlwaysRefresh":false,"showFog":true,"showSkybox":true,"showFlares":true,"showImageEffects":true,"showParticleSystems":true,"showVisualEffectGraphs":true,"m_FxEnabled":true},"in2DMode":false,"pivot":{"x":0.8997980356216431,"y":42.46412658691406,"z":-24.55030059814453},"rotation":{"x":0.7071033716201782,"y":-0.002121318830177188,"z":0.002121319528669119,"w":0.7071036100387573},"size":65.52373504638672,"orthographic":true}