{"cameraMode":{"drawMode":0,"name":"Shaded","section":"Shading Mode"},"sceneLighting":true,"audioPlay":false,"sceneViewState":{"m_AlwaysRefresh":false,"showFog":true,"showSkybox":true,"showFlares":true,"showImageEffects":true,"showParticleSystems":true,"showVisualEffectGraphs":true,"m_FxEnabled":true},"in2DMode":false,"pivot":{"x":129.48448181152345,"y":-81.83861541748047,"z":153.81097412109376},"rotation":{"x":0.2055714726448059,"y":0.27629929780960085,"z":-0.06062950938940048,"w":0.9368730783462524},"size":118.1573257446289,"orthographic":false}