{"cameraMode":{"drawMode":0,"name":"Shaded","section":"Shading Mode"},"sceneLighting":true,"audioPlay":false,"sceneViewState":{"m_AlwaysRefresh":false,"showFog":true,"showSkybox":true,"showFlares":true,"showImageEffects":true,"showParticleSystems":true,"showVisualEffectGraphs":true,"m_FxEnabled":true},"in2DMode":false,"pivot":{"x":3.097470760345459,"y":17.111928939819337,"z":59.674774169921878},"rotation":{"x":-0.014994577504694462,"y":0.025494152680039407,"z":0.00038142275298014283,"w":0.9995644688606262},"size":36.66610336303711,"orthographic":false}