{"cameraMode":{"drawMode":0,"name":"Shaded","section":"Shading Mode"},"sceneLighting":true,"audioPlay":false,"sceneViewState":{"m_AlwaysRefresh":false,"showFog":true,"showSkybox":true,"showFlares":true,"showImageEffects":true,"showParticleSystems":true,"showVisualEffectGraphs":true,"m_FxEnabled":true},"in2DMode":false,"pivot":{"x":25.99829864501953,"y":-43.841495513916019,"z":404.8123779296875},"rotation":{"x":0.10010433197021485,"y":0.08240414410829544,"z":-0.007128243334591389,"w":0.991730809211731},"size":180.4503936767578,"orthographic":false}