{"cameraMode":{"drawMode":0,"name":"Shaded","section":"Shading Mode"},"sceneLighting":true,"audioPlay":false,"sceneViewState":{"m_AlwaysRefresh":false,"showFog":true,"showSkybox":true,"showFlares":true,"showImageEffects":true,"showParticleSystems":true,"showVisualEffectGraphs":true,"m_FxEnabled":true},"in2DMode":false,"pivot":{"x":-1.9700864553451539,"y":-24.766178131103517,"z":186.17514038085938},"rotation":{"x":0.10928177088499069,"y":0.0032671436201781036,"z":-0.0003616150643210858,"w":0.9940094351768494},"size":112.39044189453125,"orthographic":false}