{"cameraMode":{"drawMode":0,"name":"Shaded","section":"Shading Mode"},"sceneLighting":true,"audioPlay":false,"sceneViewState":{"m_AlwaysRefresh":false,"showFog":true,"showSkybox":true,"showFlares":true,"showImageEffects":true,"showParticleSystems":true,"showVisualEffectGraphs":true,"m_FxEnabled":true},"in2DMode":false,"pivot":{"x":-1.8757635354995728,"y":16.390125274658204,"z":126.266845703125},"rotation":{"x":-0.10331553220748902,"y":0.00030373604386113584,"z":-0.000031210845918394625,"w":-0.9946508407592773},"size":48.637393951416019,"orthographic":false}