{"cameraMode":{"drawMode":0,"name":"Shaded","section":"Shading Mode"},"sceneLighting":true,"audioPlay":false,"sceneViewState":{"m_AlwaysRefresh":false,"showFog":true,"showSkybox":true,"showFlares":true,"showImageEffects":true,"showParticleSystems":true,"showVisualEffectGraphs":true,"m_FxEnabled":true},"in2DMode":false,"pivot":{"x":-1.2649191617965699,"y":9.474550247192383,"z":43.55583572387695},"rotation":{"x":0.02401403896510601,"y":0.03360575810074806,"z":0.000556440616492182,"w":-0.9991816282272339},"size":12.12435531616211,"orthographic":false}