{"cameraMode":{"drawMode":0,"name":"Shaded","section":"Shading Mode"},"sceneLighting":false,"audioPlay":false,"sceneViewState":{"m_AlwaysRefresh":false,"showFog":true,"showSkybox":false,"showFlares":true,"showImageEffects":true,"showParticleSystems":true,"showVisualEffectGraphs":true,"m_FxEnabled":true},"in2DMode":false,"pivot":{"x":0.009092569351196289,"y":0.4208773970603943,"z":-0.0684436559677124},"rotation":{"x":-0.004110230598598719,"y":-0.9959962368011475,"z":0.08082229644060135,"w":-0.04209096357226372},"size":1.0129352807998658,"orthographic":false}