{"cameraMode":{"drawMode":0,"name":"Shaded","section":"Shading Mode"},"sceneLighting":false,"audioPlay":false,"sceneViewState":{"m_AlwaysRefresh":false,"showFog":true,"showSkybox":false,"showFlares":true,"showImageEffects":true,"showParticleSystems":true,"showVisualEffectGraphs":true,"m_FxEnabled":true},"in2DMode":false,"pivot":{"x":-0.0002910494804382324,"y":0.3162931501865387,"z":-0.05996999144554138},"rotation":{"x":-0.004110230598598719,"y":-0.9959962368011475,"z":0.08082229644060135,"w":-0.04209096357226372},"size":0.6400023102760315,"orthographic":false}