{"cameraMode":{"drawMode":0,"name":"Shaded","section":"Shading Mode"},"sceneLighting":false,"audioPlay":false,"sceneViewState":{"m_AlwaysRefresh":false,"showFog":true,"showSkybox":false,"showFlares":true,"showImageEffects":true,"showParticleSystems":true,"showVisualEffectGraphs":true,"m_FxEnabled":true},"in2DMode":false,"pivot":{"x":1.7881393432617188e-7,"y":0.6550312638282776,"z":2.384185791015625e-7},"rotation":{"x":0.035178594291210178,"y":-0.9621595740318298,"z":0.1559116393327713,"w":0.22122976183891297},"size":2.5162196159362795,"orthographic":false}